{"loss": [0.5513676404953003, 0.42428430914878845, 0.357774019241333, 0.37000563740730286, 0.31189462542533875, 0.26962384581565857, 0.25351423025131226, 0.27490246295928955, 0.25464776158332825, 0.19083386659622192, 0.23753315210342407, 0.2426193505525589, 0.24523724615573883, 0.18209196627140045, 0.247288316488266, 0.1862560510635376, 0.17680877447128296, 0.18861937522888184, 0.1860988885164261, 0.1830533742904663, 0.16700659692287445, 0.16969968378543854, 0.1619298905134201, 0.20717813074588776, 0.16773191094398499, 0.17543214559555054, 0.18814583122730255, 0.19690901041030884, 0.14751628041267395, 0.16856065392494202, 0.14257380366325378, 0.1597391813993454, 0.14402039349079132, 0.15301558375358582, 0.1561349332332611, 0.1386963427066803, 0.212748184800148, 0.1718776673078537, 0.15436671674251556, 0.14778165519237518, 0.14854435622692108, 0.10950414836406708, 0.1026589423418045, 0.10586540400981903, 0.14029201865196228, 0.11549478024244308, 0.13745565712451935, 0.11552751809358597, 0.11253133416175842, 0.1257282942533493, 0.12471848726272583, 0.10426928848028183], "accuracy": [0.7183908224105835, 0.8017241358757019, 0.829741358757019, 0.818965494632721, 0.8541666865348816, 0.8893678188323975, 0.8893678188323975, 0.8850574493408203, 0.897988498210907, 0.9231321811676025, 0.9130747318267822, 0.9080459475517273, 0.8893678188323975, 0.9252873659133911, 0.9066091775894165, 0.9260057210922241, 0.9303160905838013, 0.9281609058380127, 0.9389367699623108, 0.9331896305084229, 0.9324712753295898, 0.931034505367279, 0.9375, 0.9224137663841248, 0.9252873659133911, 0.9267241358757019, 0.9195402264595032, 0.9116379022598267, 0.9454023241996765, 0.9281609058380127, 0.9432471394538879, 0.9303160905838013, 0.9425287246704102, 0.9339080452919006, 0.9454023241996765, 0.9418103694915771, 0.9173850417137146, 0.9260057210922241, 0.9497126340866089, 0.9482758641242981, 0.9432471394538879, 0.9612069129943848, 0.9669540524482727, 0.960488498210907, 0.9446839094161987, 0.959770143032074, 0.9489942789077759, 0.9568965435028076, 0.9568965435028076, 0.9561781883239746, 0.954741358757019, 0.9626436829566956], "val_loss": [0.5921825170516968, 0.7187988758087158, 0.9915035963058472, 0.579094648361206, 0.8311084508895874, 0.511093258857727, 0.34381261467933655, 0.9046421647071838, 1.100907325744629, 0.2665256857872009, 0.3808329701423645, 0.20823705196380615, 0.176390141248703, 0.1488523632287979, 0.17750170826911926, 0.2856465280056, 0.2727198302745819, 0.14374379813671112, 0.2827863395214081, 0.17875778675079346, 0.11594285070896149, 0.03953330218791962, 0.05193852633237839, 0.1871030628681183, 0.20070669054985046, 0.1788565218448639, 0.39885270595550537, 0.3674347698688507, 0.10698732733726501, 0.08935877680778503, 0.3797067105770111, 0.08640550076961517, 0.18518540263175964, 0.22529658675193787, 0.07038039714097977, 0.16582319140434265, 0.9627388715744019, 0.1890294998884201, 0.16891103982925415, 0.09955178946256638, 0.12706677615642548, 0.16027921438217163, 0.17202112078666687, 0.06836770474910736, 0.2676476240158081, 0.06481273472309113, 0.10688163340091705, 0.14009438455104828, 0.09621058404445648, 0.08602496981620789, 0.36095601320266724, 0.2031291425228119], "val_accuracy": [0.75, 0.65625, 0.71875, 0.65625, 0.65625, 0.65625, 0.8125, 0.5625, 0.53125, 0.9375, 0.8125, 0.84375, 0.875, 0.9375, 0.875, 0.9375, 0.875, 0.90625, 0.875, 0.90625, 0.9375, 1.0, 0.96875, 0.9375, 0.9375, 0.875, 0.84375, 0.75, 0.96875, 0.96875, 0.90625, 0.9375, 0.875, 0.875, 0.96875, 0.875, 0.71875, 0.9375, 0.90625, 0.9375, 0.9375, 0.875, 0.9375, 0.96875, 0.875, 0.96875, 0.9375, 0.9375, 0.96875, 0.96875, 0.8125, 0.9375]}